size,weight,colour_score,firmness,sugar_content,blemish_score,quality
5.62,224.54,2.67,5.67,3.36,8.28,Rotten
9.66,184.02,5.88,5.31,3.22,7.65,Rotten
8.12,127.38,8.86,1.23,9.16,5.74,Rotten
7.19,253.45,7.59,4.07,3.25,9.56,Rotten
4.09,221.18,8.26,4.42,3.45,2.0,Ripe
4.09,90.65,6.93,4.59,7.83,1.09,Ripe
3.41,277.73,7.23,6.22,5.05,8.54,Rotten
9.06,255.63,8.64,5.8,7.99,4.39,Ripe
7.21,287.45,3.25,6.47,1.59,8.47,Rotten
7.96,231.43,5.4,7.88,5.39,8.93,Rotten
3.14,203.35,2.99,8.32,1.3,0.62,Fresh
9.79,154.56,9.89,7.46,1.56,8.83,Rotten
8.83,283.18,9.5,9.6,9.16,4.48,Ripe
4.49,266.52,1.35,1.16,2.25,5.1,Rotten
4.27,61.3,7.35,2.76,5.79,6.27,Rotten
4.28,56.59,9.33,1.07,4.7,9.26,Rotten
5.13,144.12,2.63,6.83,4.13,0.19,Ripe
6.67,252.64,6.11,9.08,9.1,4.77,Ripe
6.02,296.82,9.24,3.19,1.2,6.88,Ripe
5.04,87.6,1.31,9.34,6.97,7.23,Rotten
7.28,198.53,7.28,1.54,9.67,6.93,Rotten
3.98,145.22,3.68,9.41,6.04,1.34,Ripe
5.05,292.48,9.32,4.16,9.43,2.99,Ripe
5.56,260.53,9.74,1.91,1.47,3.59,Rotten
6.19,259.58,9.5,5.37,4.77,8.04,Rotten
8.5,167.17,5.27,3.31,3.34,2.79,Ripe
4.4,153.7,8.76,3.56,7.58,2.11,Ripe
6.6,118.35,8.6,3.77,9.83,9.57,Rotten
7.15,64.09,3.87,8.23,3.31,0.09,Fresh
3.33,266.18,8.46,5.85,6.89,9.98,Rotten
7.25,253.23,1.33,3.8,2.78,6.77,Rotten
4.19,299.93,6.37,6.49,6.09,8.28,Rotten
3.46,299.16,3.07,7.45,5.18,2.95,Ripe
9.64,188.86,2.09,3.45,9.75,0.14,Rotten
9.76,242.25,1.69,4.72,6.48,7.38,Rotten
8.66,286.19,7.27,2.1,4.15,8.34,Rotten
5.13,262.41,4.06,2.63,2.03,7.4,Rotten
3.68,111.84,7.52,7.13,2.36,1.43,Ripe
7.79,162.64,1.59,2.63,3.03,7.53,Rotten
6.08,82.29,3.84,5.73,3.26,7.69,Rotten
3.85,288.51,5.86,7.38,8.66,6.59,Ripe
6.47,201.54,8.12,1.96,6.05,7.66,Rotten
3.24,107.16,3.87,6.11,5.71,8.46,Rotten
9.37,217.93,6.63,3.31,2.03,6.14,Ripe
4.81,204.53,8.97,9.67,8.74,0.89,Ripe
7.64,139.54,6.54,5.35,7.51,4.88,Ripe
5.18,78.39,3.1,8.25,1.61,0.78,Fresh
6.64,217.89,1.22,5.95,7.37,4.08,Rotten
6.83,180.08,8.83,1.39,5.89,4.07,Rotten
4.29,243.08,1.19,6.7,1.74,0.66,Rotten
9.79,180.04,8.87,9.56,5.12,3.49,Ripe
8.43,263.05,5.76,6.41,5.36,1.11,Ripe
9.58,187.98,9.45,8.37,2.49,8.08,Rotten
9.26,190.23,8.19,8.96,9.51,9.48,Rotten
7.19,269.16,9.98,3.05,8.65,0.72,Ripe
9.45,150.87,4.16,2.91,7.02,9.55,Rotten
3.62,83.5,7.9,6.5,5.16,5.23,Ripe
4.37,57.2,4.62,4.7,4.71,3.0,Ripe
3.32,238.78,5.32,8.56,6.86,0.77,Ripe
5.28,205.08,6.65,9.1,5.91,5.01,Ripe
5.72,226.02,8.86,4.18,1.56,7.95,Rotten
4.9,103.24,9.86,3.13,5.61,7.07,Ripe
8.8,84.09,7.91,8.02,8.26,0.5,Ripe
5.5,53.64,4.76,3.47,5.13,0.73,Ripe
4.97,137.65,4.79,8.4,1.47,4.03,Ripe
6.8,197.48,7.64,4.81,8.08,2.95,Ripe
3.99,148.06,3.15,7.01,2.81,2.32,Ripe
8.62,159.37,1.99,1.86,3.33,2.81,Rotten
3.52,276.04,4.19,6.61,2.48,8.03,Rotten
9.91,137.06,3.59,5.07,3.97,9.29,Rotten
8.41,178.5,3.67,6.28,7.81,4.05,Ripe
4.39,245.91,3.1,2.51,5.67,9.06,Rotten
3.04,149.14,1.38,7.63,2.84,3.21,Rotten
8.71,205.52,1.16,8.77,8.9,4.76,Rotten
7.95,265.59,9.89,2.95,8.92,2.26,Rotten
8.1,287.38,4.85,1.86,8.84,6.4,Rotten
8.4,86.77,4.46,1.21,3.15,9.79,Rotten
3.52,281.65,7.12,6.78,5.06,6.03,Ripe
5.51,173.03,2.96,6.46,9.86,3.58,Ripe
3.81,114.56,9.55,5.92,7.95,6.48,Ripe
9.04,164.78,8.08,3.09,1.24,1.23,Ripe
7.36,295.01,1.8,4.52,1.59,8.89,Rotten
5.32,173.15,4.76,6.35,5.18,5.03,Ripe
3.44,132.19,8.91,5.47,9.18,4.49,Ripe
5.18,208.35,9.5,9.89,5.85,5.86,Ripe
5.28,110.04,5.21,2.23,5.48,6.25,Rotten
8.11,68.97,6.52,7.26,1.95,0.72,Ripe
7.46,82.22,2.5,4.64,6.91,6.83,Ripe
9.21,82.01,9.92,4.85,8.4,2.42,Ripe
6.31,87.98,3.09,7.46,4.42,7.14,Ripe
3.84,84.71,9.48,7.23,7.98,8.23,Rotten
7.99,210.22,6.85,9.92,9.68,8.04,Rotten
8.33,95.47,6.47,2.16,2.83,5.53,Rotten
6.93,136.42,5.61,1.94,5.71,5.2,Rotten
8.4,274.2,3.08,7.52,3.58,1.43,Fresh
6.46,168.49,2.59,6.21,8.14,7.75,Rotten
6.66,216.89,2.98,3.47,6.2,2.71,Ripe
5.99,93.08,2.68,1.71,6.71,4.97,Rotten
3.18,98.07,8.02,1.77,8.18,2.84,Rotten
3.76,60.22,4.15,9.05,4.56,1.34,Ripe
3.22,92.23,1.52,2.73,9.24,6.3,Rotten
7.45,119.65,9.72,3.91,5.8,0.54,Ripe
5.2,94.25,8.95,3.04,2.42,7.49,Ripe
6.56,72.18,9.35,4.19,7.26,3.18,Ripe
9.35,80.16,9.95,1.62,8.14,0.0,Rotten
4.75,165.19,2.57,5.67,3.85,5.11,Ripe
5.87,101.58,4.57,1.61,8.71,0.47,Rotten
8.29,141.07,7.82,8.2,9.16,2.76,Ripe
4.6,175.85,7.26,3.1,3.49,7.07,Ripe
3.54,222.6,2.39,5.86,9.85,0.63,Rotten
5.03,59.83,8.34,8.92,2.27,8.39,Rotten
4.13,249.85,3.02,6.86,2.82,0.04,Ripe
9.51,206.98,3.01,5.8,2.66,2.47,Ripe
8.66,70.44,5.83,3.92,9.05,7.41,Ripe
7.43,268.39,6.34,4.0,6.89,3.16,Ripe
9.1,280.22,6.22,7.03,2.37,1.02,Ripe
8.63,65.27,1.82,9.95,4.96,3.6,Rotten
4.31,119.22,8.9,6.96,6.54,2.7,Ripe
9.25,251.55,3.39,6.02,1.75,8.43,Rotten
6.78,237.06,2.17,7.58,8.94,3.13,Rotten
8.65,96.13,9.0,5.19,8.23,7.89,Rotten
9.27,102.34,9.6,1.54,5.55,8.92,Rotten
5.23,142.62,8.76,6.06,9.7,4.34,Ripe
3.77,171.13,8.29,9.62,4.76,9.1,Rotten
4.6,204.56,6.9,2.58,9.86,3.77,Rotten
5.99,142.23,5.96,7.21,7.01,9.64,Rotten
8.73,165.63,1.78,2.81,6.71,0.89,Rotten
9.03,236.87,4.68,5.82,2.49,6.87,Ripe
3.05,59.17,4.35,1.87,8.94,4.94,Rotten
6.58,113.11,3.34,5.05,4.85,3.88,Ripe
5.92,228.34,7.51,7.81,2.46,6.33,Ripe
4.55,273.8,5.46,4.13,1.11,7.04,Ripe
3.84,177.92,1.73,6.98,6.04,0.04,Rotten
5.36,183.03,2.98,8.16,5.75,1.67,Ripe
9.6,76.79,7.15,9.34,7.47,7.13,Ripe
5.26,161.85,1.69,3.11,9.01,6.66,Rotten
6.63,183.15,8.66,4.59,1.71,9.66,Rotten
7.92,110.62,5.46,2.37,7.58,7.61,Rotten
5.55,117.31,5.33,9.93,2.69,9.51,Rotten
9.8,144.32,6.33,9.34,8.72,7.03,Ripe
9.74,55.02,8.42,5.86,8.37,2.98,Ripe
4.76,130.52,4.13,8.58,5.87,1.05,Ripe
6.48,102.86,7.1,5.69,7.39,7.82,Rotten
5.11,131.87,6.09,6.61,3.83,6.44,Ripe
4.99,79.94,3.4,1.8,5.24,0.48,Rotten
3.26,272.63,8.91,7.8,8.39,3.6,Ripe
7.27,198.4,8.18,2.15,5.13,9.57,Rotten
6.52,219.78,6.93,8.43,4.22,5.0,Ripe
3.36,247.29,8.66,8.04,5.45,4.33,Ripe
4.95,174.61,8.81,7.38,8.45,4.58,Ripe
9.36,71.73,7.38,1.33,4.02,2.09,Rotten
4.68,184.28,8.53,3.73,2.56,3.69,Ripe
4.01,196.71,7.28,3.37,7.41,3.7,Ripe
6.43,236.36,7.12,4.24,8.43,0.52,Ripe
9.9,157.91,6.57,1.79,1.91,7.68,Rotten
4.69,81.9,7.77,9.43,3.16,4.17,Ripe
7.7,120.94,2.43,5.98,2.28,8.22,Rotten
8.33,140.77,8.93,3.75,4.13,8.5,Rotten
4.66,211.48,8.85,4.57,5.05,2.12,Ripe
8.1,192.69,1.26,5.02,7.74,6.57,Rotten
5.57,139.02,8.43,6.41,6.86,4.72,Ripe
7.43,296.63,2.16,5.64,6.59,8.8,Rotten
7.43,201.44,4.02,9.27,4.17,2.16,Ripe
6.75,109.31,7.69,5.47,8.57,6.78,Ripe
3.63,75.45,2.45,9.93,5.24,6.08,Rotten
8.85,88.21,8.36,8.66,9.81,2.95,Ripe
5.25,111.49,8.49,2.88,6.71,1.37,Rotten
4.31,90.17,5.57,9.38,2.14,6.52,Ripe
3.29,96.64,1.06,2.05,7.09,7.39,Rotten
7.14,121.27,3.58,8.36,3.93,3.16,Fresh
7.74,93.34,6.55,4.43,7.18,6.45,Ripe
3.12,274.19,9.83,8.9,1.63,3.95,Ripe
6.58,70.06,6.69,8.81,2.57,7.13,Ripe
4.59,181.13,3.34,8.25,8.7,1.99,Ripe
7.52,152.6,6.71,8.11,3.04,8.9,Rotten
4.22,295.59,5.86,3.74,8.53,2.87,Ripe
7.84,78.01,8.02,1.73,3.51,3.68,Rotten
5.71,149.46,1.96,4.63,6.79,0.58,Rotten
9.56,292.37,7.85,2.56,7.25,1.12,Rotten
3.96,266.38,5.87,7.25,5.61,5.16,Ripe
5.39,254.27,9.67,4.11,3.75,2.68,Ripe
3.79,114.48,4.08,9.78,2.91,8.35,Rotten
9.47,92.72,6.69,6.77,1.3,0.15,Ripe
9.14,217.16,9.39,8.4,3.74,3.79,Ripe
4.81,282.34,1.92,2.19,6.88,3.37,Rotten
7.62,189.19,9.44,8.76,9.44,0.19,Ripe
8.72,192.9,7.19,9.3,8.84,1.24,Ripe
6.89,119.99,1.61,5.38,7.89,4.14,Rotten
6.71,242.37,3.71,6.46,8.1,4.93,Ripe
4.69,96.76,7.37,7.88,6.98,4.04,Ripe
3.65,130.92,1.61,2.57,3.34,5.31,Rotten
9.28,156.36,6.24,5.52,9.16,5.95,Ripe
9.3,176.9,4.11,4.59,7.04,0.1,Ripe
7.43,110.6,6.59,2.32,6.04,4.64,Rotten
5.37,78.71,1.41,4.31,2.0,9.63,Rotten
5.44,202.66,8.84,1.61,5.02,5.19,Rotten
8.08,122.16,9.76,1.23,5.14,6.78,Rotten
9.28,195.31,9.72,2.22,8.78,3.12,Rotten
9.21,88.59,7.75,9.67,5.92,7.74,Rotten
8.46,170.29,2.17,5.95,4.42,7.73,Rotten
7.49,183.15,7.82,9.69,9.79,5.21,Ripe
3.59,62.96,1.22,4.89,2.0,9.76,Rotten
4.13,134.15,1.2,3.81,4.8,1.26,Rotten
9.29,83.6,3.91,5.56,1.38,0.17,Ripe
7.25,65.84,5.4,4.96,7.66,7.7,Rotten
3.06,297.49,7.93,1.95,9.26,8.07,Rotten
3.71,130.59,7.15,6.77,3.52,1.2,Ripe
7.64,252.47,5.01,2.94,8.73,2.66,Rotten
3.04,113.66,3.46,6.58,3.63,0.18,Ripe
4.13,220.38,9.97,6.85,9.2,2.93,Ripe
6.84,240.06,4.84,2.37,7.79,7.73,Rotten
7.84,198.91,5.06,1.55,8.24,5.18,Rotten
7.56,167.89,2.47,8.03,1.16,3.48,Rotten
4.57,152.96,8.15,5.14,9.67,3.72,Ripe
7.99,137.22,7.24,1.52,7.54,0.01,Rotten
4.66,282.38,2.99,9.95,3.74,3.0,Fresh
5.28,257.65,1.74,1.52,8.46,6.46,Rotten
8.23,291.26,7.12,7.26,3.53,9.74,Rotten
7.55,81.07,6.89,9.85,8.85,8.47,Rotten
8.94,232.72,3.46,3.15,2.01,0.24,Ripe
7.6,284.59,9.56,2.28,7.33,8.99,Rotten
6.98,95.31,2.36,2.09,5.87,7.83,Rotten
3.66,66.62,4.89,3.73,1.87,7.8,Rotten
5.57,235.28,9.49,1.91,3.18,4.58,Rotten
4.86,193.62,4.78,7.23,1.11,3.98,Ripe
4.71,260.46,6.75,1.56,5.22,3.03,Rotten
9.81,84.94,4.58,5.58,3.71,0.66,Ripe
5.75,248.82,3.47,9.97,6.39,2.28,Ripe
9.24,100.41,9.86,8.33,3.68,2.47,Ripe
7.42,90.91,4.68,6.54,3.7,4.84,Ripe
8.56,91.07,9.05,3.76,7.69,7.47,Ripe
6.52,253.64,3.07,6.62,1.43,4.74,Ripe
7.04,216.3,2.92,5.74,9.13,0.58,Ripe
6.45,180.77,1.28,4.83,8.67,9.58,Rotten
4.37,139.71,6.87,2.18,7.01,9.43,Rotten
8.06,269.3,4.32,8.98,6.34,7.85,Rotten
4.97,148.11,8.78,5.05,9.03,9.91,Rotten
3.17,254.15,5.26,2.75,2.67,5.44,Rotten
7.52,159.78,9.71,4.31,1.71,9.63,Rotten
4.24,144.24,2.67,4.73,3.16,0.76,Ripe
9.58,165.67,8.82,8.45,8.15,3.66,Ripe
9.68,125.34,7.99,7.6,1.31,2.25,Ripe
9.4,236.9,7.94,7.92,6.25,1.96,Ripe
5.59,175.68,8.6,1.1,9.96,1.41,Rotten
3.11,108.05,7.85,4.75,8.7,6.22,Ripe
9.5,274.89,6.64,5.33,5.69,7.81,Rotten
6.0,145.97,2.18,1.17,1.57,5.78,Rotten
9.77,185.89,1.29,3.34,8.48,1.47,Rotten
9.75,276.62,9.29,7.84,6.39,8.11,Rotten
8.97,206.06,6.55,2.23,2.03,6.36,Rotten
5.06,79.22,8.17,5.82,1.84,3.88,Ripe
5.7,284.96,5.33,2.94,9.19,6.74,Rotten
8.96,206.93,2.06,1.11,7.02,2.6,Rotten
5.22,133.73,2.13,3.17,8.46,3.45,Rotten
4.19,84.82,7.17,9.78,8.91,9.17,Rotten
6.9,248.51,4.87,8.21,6.15,2.91,Ripe
9.55,205.02,2.8,9.64,5.66,4.7,Ripe
7.87,183.37,5.42,5.39,4.87,8.9,Rotten
6.99,273.47,1.58,1.99,3.85,7.08,Rotten
3.68,247.15,6.24,5.93,4.91,0.62,Ripe
7.31,87.92,3.42,5.09,7.96,1.47,Ripe
9.93,127.93,8.18,8.6,6.42,0.08,Ripe
3.98,112.12,3.79,1.88,9.03,6.31,Rotten
6.63,235.99,5.1,5.39,4.99,4.48,Ripe
9.14,58.38,1.1,2.35,6.46,1.34,Rotten
8.19,192.47,1.65,3.92,6.68,9.58,Rotten
7.88,240.61,4.53,7.64,6.33,5.3,Ripe
7.92,269.19,5.32,5.28,7.32,2.42,Ripe
5.52,135.52,6.4,4.38,3.14,5.01,Ripe
5.06,255.31,3.62,4.55,5.61,6.8,Ripe
8.67,77.66,7.25,5.14,1.94,0.76,Ripe
8.67,261.61,8.74,8.07,4.46,2.75,Ripe
9.07,81.87,8.02,9.03,5.39,8.07,Rotten
9.39,149.32,1.36,9.6,6.87,4.6,Rotten
6.58,249.32,5.32,8.08,9.55,5.47,Ripe
6.51,87.48,1.94,3.84,6.41,4.33,Rotten
8.59,107.31,3.18,7.19,7.69,0.44,Ripe
7.55,230.56,9.88,4.94,5.56,1.66,Ripe
7.91,230.01,2.28,3.29,6.71,4.46,Rotten
8.57,210.29,5.49,8.57,1.64,2.09,Ripe
9.23,223.49,6.56,1.35,3.29,0.5,Rotten
5.37,185.68,7.32,9.12,4.26,8.44,Rotten
5.63,112.95,6.04,5.15,5.25,9.81,Rotten
3.66,136.42,1.09,6.73,1.41,7.93,Rotten
7.05,95.4,3.94,6.93,2.26,8.54,Rotten
3.25,277.11,5.66,9.06,3.49,2.42,Ripe
6.26,195.85,1.79,6.73,9.74,9.61,Rotten
6.8,150.21,4.16,6.53,3.98,1.97,Ripe
5.01,165.5,1.3,1.6,5.34,9.51,Rotten
7.14,286.82,1.71,5.67,2.76,9.95,Rotten
3.21,88.34,4.57,2.35,6.5,7.12,Rotten
3.26,196.56,2.19,7.64,3.53,9.81,Rotten
8.76,176.47,6.11,5.61,2.86,5.7,Ripe
5.52,202.86,7.21,7.12,5.65,2.6,Ripe
3.89,54.53,8.21,1.38,1.05,4.37,Rotten
6.66,268.03,2.8,1.76,1.07,5.94,Rotten
8.39,283.03,2.51,7.45,2.97,0.73,Ripe
4.51,191.28,1.94,1.65,1.33,6.22,Rotten
7.36,224.16,6.73,1.64,1.97,9.81,Rotten
3.6,280.62,7.36,1.11,4.05,1.9,Rotten
3.36,226.81,1.28,9.61,8.22,7.93,Rotten
6.72,88.13,9.43,7.64,6.15,9.08,Rotten
6.78,194.07,1.47,4.18,5.61,9.44,Rotten
7.46,201.68,5.87,3.67,3.64,9.6,Rotten
8.08,156.03,7.38,4.15,9.39,5.21,Ripe
9.83,234.11,8.84,7.97,4.57,9.77,Rotten
6.61,283.59,7.43,6.95,1.78,7.57,Rotten
5.26,281.39,8.22,2.67,6.55,1.62,Rotten
8.57,162.71,4.06,2.57,2.02,4.77,Rotten
4.9,78.31,8.33,1.89,4.11,7.18,Rotten
6.07,296.21,1.72,6.94,5.57,2.47,Rotten
3.55,259.72,9.05,7.88,8.87,6.41,Ripe
3.18,81.17,5.93,3.39,5.44,6.67,Ripe
9.74,280.21,8.36,1.19,7.32,1.63,Rotten
8.85,267.47,5.07,1.74,9.94,5.65,Rotten
7.87,179.71,6.79,9.71,2.18,7.72,Rotten
5.86,197.82,5.74,3.66,3.47,4.99,Ripe
4.21,149.75,7.58,7.92,4.55,0.12,Ripe
4.1,63.69,1.73,6.62,4.8,0.09,Rotten
4.75,133.8,1.54,4.44,4.7,3.57,Rotten
6.84,250.71,3.22,2.85,9.17,9.26,Rotten
8.0,51.16,2.44,2.09,7.43,2.29,Rotten
7.62,133.37,8.85,6.54,6.47,6.34,Ripe
4.96,149.54,2.97,7.97,3.78,2.22,Fresh
9.68,184.35,9.78,6.8,8.41,3.22,Ripe
8.17,279.96,4.03,5.77,9.6,8.48,Rotten
6.88,136.59,2.64,1.38,8.39,7.29,Rotten
7.28,136.74,8.11,9.72,1.01,0.95,Ripe
5.94,234.38,6.93,8.19,6.73,4.29,Ripe
4.73,163.05,5.48,3.64,1.46,0.29,Ripe
5.49,106.15,6.0,9.82,3.32,4.81,Ripe
8.3,163.11,7.47,6.42,1.54,6.62,Ripe
3.1,85.21,3.06,6.24,6.43,1.19,Ripe
3.81,94.1,9.97,7.73,7.18,2.89,Ripe
3.32,174.59,9.77,8.31,2.03,3.98,Ripe
3.29,154.73,6.85,6.91,4.45,9.2,Rotten
8.99,278.71,2.8,2.15,5.11,9.93,Rotten
7.93,140.6,7.12,4.04,4.32,0.45,Ripe
6.32,195.15,1.65,9.35,2.09,7.61,Rotten
3.68,208.07,1.28,3.02,4.77,3.72,Rotten
6.44,53.27,3.32,4.35,7.76,3.92,Ripe
6.31,215.88,5.16,4.89,1.64,7.54,Rotten
4.21,94.51,8.81,4.95,1.72,9.18,Rotten
6.04,290.27,7.54,6.52,4.19,9.51,Rotten
5.79,87.17,7.68,9.49,9.48,5.77,Ripe
7.31,153.66,4.83,3.17,7.02,3.57,Ripe
7.45,71.34,4.11,2.09,7.11,7.88,Rotten
3.32,299.22,4.34,2.78,4.26,2.51,Rotten
5.62,175.55,9.89,8.98,6.34,5.64,Ripe
7.38,198.85,1.36,6.81,1.09,3.59,Rotten
6.52,66.77,8.8,3.57,6.72,6.57,Ripe
9.0,237.49,6.21,8.34,9.22,2.4,Ripe
7.61,102.48,4.95,8.75,6.51,1.92,Ripe
4.14,274.51,7.53,8.62,8.86,9.18,Rotten
3.49,101.28,5.38,9.27,7.52,1.02,Ripe
7.5,97.67,8.86,3.27,2.09,5.06,Ripe
3.19,59.14,9.11,7.8,9.12,2.21,Ripe
7.1,168.02,4.8,5.14,1.6,0.39,Ripe
9.58,191.21,3.49,8.58,5.81,0.36,Ripe
7.03,66.43,6.33,7.56,2.28,1.75,Ripe
5.72,243.88,9.21,7.99,1.11,8.67,Rotten
7.5,163.32,2.9,6.91,4.8,2.82,Ripe
6.21,181.1,6.61,2.6,3.66,9.5,Rotten
6.82,160.19,6.68,5.91,5.37,5.82,Ripe
9.59,150.19,7.6,9.86,6.19,4.37,Ripe
5.7,189.91,2.18,9.44,1.39,5.8,Rotten
9.73,88.81,7.44,1.39,2.11,5.17,Rotten
9.34,95.48,9.18,2.48,6.03,7.59,Rotten
4.37,265.45,2.62,2.19,4.09,2.82,Rotten
3.49,286.53,3.14,7.53,7.56,3.53,Ripe
3.71,143.33,9.74,8.36,6.87,8.94,Rotten
3.13,117.69,2.63,2.92,8.61,9.46,Rotten
3.66,211.0,8.69,5.55,7.23,8.93,Rotten
7.78,152.18,5.43,8.57,4.87,4.19,Ripe
3.5,56.35,3.23,7.6,7.06,7.8,Rotten
5.23,89.04,8.84,5.88,3.48,4.76,Ripe
8.91,228.99,5.01,6.31,3.76,4.98,Ripe
3.16,214.73,5.63,5.58,8.1,2.05,Ripe
8.7,56.77,4.23,3.68,5.02,5.91,Ripe
4.97,105.49,6.34,6.09,8.19,1.86,Ripe
3.83,107.77,2.47,7.2,8.4,3.32,Rotten
7.88,217.97,4.52,8.86,8.72,8.55,Rotten
7.4,54.93,9.72,6.73,9.25,2.07,Ripe
9.14,76.03,3.32,7.85,4.88,0.71,Ripe
8.15,249.98,6.91,2.44,3.87,0.69,Rotten
8.62,94.64,3.93,5.15,6.24,9.41,Rotten
4.97,213.19,7.96,1.08,4.34,5.07,Rotten
4.24,109.55,2.18,3.22,6.41,4.09,Rotten
8.25,74.86,9.73,7.54,7.35,8.11,Rotten
8.65,110.79,5.08,9.93,7.2,8.36,Rotten
9.93,230.57,3.12,1.89,4.37,3.32,Rotten
5.89,263.92,1.66,4.61,2.5,6.94,Rotten
5.6,257.55,2.53,8.2,4.87,7.71,Rotten
8.43,149.3,5.68,2.84,2.28,6.55,Rotten
5.39,217.02,4.03,6.0,9.01,1.52,Ripe
9.52,101.25,8.46,7.6,4.11,8.76,Rotten
9.01,123.29,4.88,6.54,2.39,5.39,Ripe
6.0,274.08,3.24,2.69,1.23,2.82,Rotten
8.26,53.25,6.55,4.2,6.81,4.25,Ripe
8.28,71.38,7.36,8.05,6.73,0.38,Ripe
3.72,101.97,2.5,5.99,4.07,1.28,Ripe
9.32,56.63,2.51,1.05,1.65,7.66,Rotten
6.54,95.36,1.33,7.85,4.69,0.0,Rotten
8.79,195.76,7.63,1.32,3.8,4.17,Rotten
5.24,155.36,6.97,7.71,7.09,5.23,Ripe
9.27,273.17,5.27,2.82,6.45,0.55,Rotten
5.72,254.36,8.6,9.62,4.28,9.73,Rotten
3.08,135.45,8.25,4.31,2.96,2.26,Ripe
9.34,114.86,6.27,3.94,9.89,3.04,Ripe
3.64,144.92,8.81,2.34,5.09,3.04,Rotten
5.24,197.57,2.85,3.75,7.19,2.3,Ripe
9.65,117.02,2.01,8.89,2.26,0.01,Rotten
9.65,206.04,3.43,9.97,5.37,7.29,Ripe
7.01,152.35,1.51,4.31,1.25,9.67,Rotten
7.42,188.01,5.78,5.04,5.55,2.24,Ripe
6.14,159.03,9.43,7.5,9.68,6.63,Ripe
5.05,123.62,1.35,8.98,4.46,7.42,Rotten
5.3,287.11,2.1,6.34,1.35,8.48,Rotten
7.71,240.9,5.07,4.52,1.28,4.23,Ripe
8.27,85.03,9.4,4.71,4.49,3.03,Ripe
8.54,267.12,3.85,7.26,2.44,3.25,Ripe
8.53,171.86,5.57,1.03,1.21,7.13,Rotten
3.64,273.64,1.37,6.58,7.81,8.17,Rotten
6.46,249.96,2.34,4.2,5.13,1.82,Rotten
3.4,156.3,9.88,8.15,3.6,3.71,Ripe
6.85,55.62,9.69,1.84,9.1,9.02,Rotten
6.09,117.17,1.04,6.29,2.05,8.07,Rotten
9.21,185.41,9.57,5.33,9.6,9.85,Rotten
5.46,208.37,6.75,6.78,3.83,7.54,Rotten
3.82,114.47,8.81,1.58,9.0,3.93,Rotten
4.0,84.84,5.09,6.22,6.43,5.91,Ripe
8.33,258.73,5.64,6.05,8.44,6.61,Ripe
7.33,296.1,5.4,6.05,9.86,0.78,Ripe
3.71,181.42,7.0,6.43,3.6,5.44,Ripe
3.59,92.92,2.26,7.09,9.65,7.09,Rotten
7.91,118.08,1.27,8.24,4.51,1.67,Rotten
3.51,54.6,3.77,3.43,4.47,7.81,Rotten
8.75,278.57,7.34,8.43,4.06,5.84,Ripe
7.94,79.44,2.82,5.48,5.87,9.52,Rotten
3.57,194.13,7.06,1.69,2.39,0.42,Rotten
3.59,118.51,9.73,1.53,5.98,2.65,Rotten
9.91,188.54,1.85,4.01,5.88,6.02,Rotten
5.62,212.86,7.05,8.06,7.86,2.97,Ripe
5.59,257.44,4.99,7.37,8.5,7.14,Ripe
8.69,101.61,8.81,8.1,4.96,7.59,Rotten
9.63,52.75,2.59,5.66,3.72,1.03,Ripe
9.9,84.22,7.23,4.96,3.33,5.14,Ripe
8.27,275.0,8.54,2.33,2.75,5.09,Rotten
5.63,268.47,9.5,3.95,1.52,3.69,Ripe
3.58,199.35,7.15,4.91,4.08,9.33,Rotten
8.44,200.13,5.47,1.8,3.43,8.28,Rotten
6.91,216.26,6.56,2.99,9.7,6.97,Rotten
5.97,93.84,8.82,6.38,6.02,7.14,Ripe
9.34,278.6,6.14,7.62,4.13,4.62,Ripe
3.78,154.69,1.27,9.99,6.22,9.21,Rotten
6.45,145.78,9.38,9.4,2.25,6.95,Ripe
3.08,179.73,7.21,6.78,5.0,7.29,Ripe
6.28,61.74,7.09,4.79,6.64,8.62,Rotten
3.39,91.57,2.94,6.73,5.4,2.74,Ripe
3.83,234.51,6.93,8.07,4.62,8.07,Rotten
3.82,70.7,4.54,2.07,9.94,1.95,Rotten
7.54,200.79,6.86,4.69,8.92,3.45,Ripe
8.22,111.34,1.96,8.56,6.61,3.36,Rotten
7.08,147.32,6.92,4.45,6.12,9.79,Rotten
9.74,122.17,9.99,6.15,6.59,8.57,Rotten
5.62,138.92,1.43,6.29,2.81,7.01,Rotten
5.0,229.76,9.79,2.66,4.56,7.27,Rotten
9.08,124.28,4.66,4.26,1.36,5.62,Ripe
4.57,191.6,8.84,4.01,5.28,9.47,Rotten
9.74,169.01,8.04,1.24,5.89,4.96,Rotten
3.09,215.92,6.1,1.22,3.05,3.81,Rotten
9.79,284.21,7.65,8.49,9.68,1.63,Ripe
3.3,233.14,8.91,3.46,9.19,7.86,Rotten
9.24,103.74,4.64,5.66,7.5,7.34,Ripe
6.69,57.8,3.94,3.69,5.8,3.84,Ripe
9.95,115.57,7.01,9.47,8.83,0.25,Ripe
3.52,198.77,8.27,3.33,2.18,8.39,Rotten
6.88,62.86,7.86,4.87,8.11,0.11,Ripe
9.79,174.09,8.18,8.85,2.12,7.04,Ripe
6.66,199.21,4.92,8.58,8.15,9.7,Rotten
7.41,133.56,8.36,2.67,3.48,4.38,Rotten
7.87,242.73,2.08,8.22,8.89,2.35,Rotten
6.18,76.65,5.9,5.12,9.5,7.05,Ripe
7.39,68.78,1.05,5.35,2.34,8.17,Rotten
7.09,232.05,3.92,2.2,5.16,5.46,Rotten
9.31,173.87,4.3,1.73,9.83,9.67,Rotten
3.32,222.1,4.57,7.55,5.35,0.52,Ripe
4.97,158.71,7.26,5.47,8.77,5.05,Ripe
9.65,111.6,4.5,4.93,6.3,7.18,Ripe
9.23,254.78,5.04,7.57,4.38,8.63,Rotten
6.19,249.85,3.14,7.89,3.57,1.79,Fresh
7.34,223.67,4.36,2.43,2.83,8.0,Rotten
4.94,118.04,3.05,6.49,7.86,5.53,Ripe
4.32,197.56,1.66,2.22,4.48,3.97,Rotten
6.25,140.24,6.43,7.76,5.6,1.32,Ripe
5.47,72.9,7.01,6.91,5.43,8.65,Rotten
7.09,279.33,6.58,9.61,6.2,1.57,Ripe
3.54,84.2,5.17,1.62,8.79,3.1,Rotten
9.82,287.56,4.42,1.51,9.83,2.9,Rotten
9.9,161.5,8.77,3.54,4.67,8.71,Rotten
